e; 17.157975
s; 7.690925
o; 7.314580
n; 7.212349
r; 7.080909
u; 7.066304
a; 6.918013
i; 6.819152
t; 6.688835
l; 4.415036
d; 3.373627
m; 3.253421
c; 2.843373
p; 2.601838
v; 2.351316
f; 1.500888
q; 1.384052
j; 0.843688
g; 0.832453
b; 0.738086
h; 0.734716
z; 0.504415
x; 0.430269
y; 0.243782
k; 0.000000
w; 0.000000
re; 2.362576
ou; 2.350219
es; 2.261467
en; 1.997461
on; 1.937919
le; 1.737948
et; 1.572804
de; 1.515509
er; 1.468325
te; 1.441362
ne; 1.416647
qu; 1.382944
nt; 1.377327
vo; 1.324526
se; 1.320032
ai; 1.318908
us; 1.279588
me; 1.124555
ur; 1.088605
el; 1.066136
is; 1.040297
eu; 1.021199
ie; 1.017829
em; 0.977385
ce; 0.972892
oi; 0.923461
in; 0.909979
an; 0.908856
ns; 0.851561
ar; 0.829092
ue; 0.825722
la; 0.822352
ee; 0.812241
ec; 0.809994
it; 0.806624
ir; 0.797636
or; 0.778538
ri; 0.767304
il; 0.741465
ma; 0.726860
tr; 0.725737
ea; 0.723490
ui; 0.721243
ed; 0.716749
so; 0.699898
ev; 0.693157
ra; 0.686417
ut; 0.678553
po; 0.665071
ep; 0.654961
sa; 0.653837
co; 0.644850
st; 0.631368
nd; 0.617887
ss; 0.613394
mo; 0.584184
au; 0.552728
pa; 0.538124
un; 0.537000
ta; 0.532506
rt; 0.531383
je; 0.529136
do; 0.508914
sd; 0.494310
to; 0.493186
ve; 0.492063
ez; 0.488693
si; 0.469594
am; 0.456113
nn; 0.454990
fa; 0.428027
nc; 0.419040
as; 0.410052
td; 0.410052
ll; 0.406682
ti; 0.401065
av; 0.395448
pe; 0.389831
sp; 0.385337
ro; 0.383090
da; 0.372979
pr; 0.369609
ch; 0.368486
sc; 0.368486
rd; 0.363992
al; 0.361745
ac; 0.352757
eq; 0.347140
ts; 0.341523
di; 0.340400
ei; 0.339276
rs; 0.333659
ux; 0.329165
tt; 0.322425
na; 0.317931
no; 0.315684
mi; 0.312314
om; 0.302203
su; 0.299956
sq; 0.297709
rl; 0.295462
at; 0.288722
tp; 0.288722
ot; 0.281981
sl; 0.278611
tu; 0.277488
fe; 0.275241
du; 0.274117
lo; 0.272994
ef; 0.271870
ej; 0.271870
ff; 0.271870
ge; 0.269624
lu; 0.256142
sm; 0.252772
rg; 0.248278
he; 0.247155
tl; 0.246031
sv; 0.243785
tc; 0.243785
eo; 0.235921
os; 0.233674
pl; 0.232550
im; 0.229180
go; 0.228057
ap; 0.219069
va; 0.216822
tq; 0.215699
ad; 0.211205
ho; 0.210082
dr; 0.206711
uf; 0.206711
li; 0.199971
mm; 0.199971
bl; 0.195477
mp; 0.194354
vi; 0.194354
bi; 0.187613
ul; 0.187613
np; 0.186490
nf; 0.184243
rm; 0.180872
nv; 0.176379
uo; 0.176379
fo; 0.171885
fi; 0.170762
tv; 0.170762
uv; 0.167391
ci; 0.165144
cr; 0.164021
ls; 0.164021
ud; 0.161774
ha; 0.159527
cl; 0.158404
id; 0.158404
uc; 0.158404
iv; 0.156157
ic; 0.155034
ab; 0.152787
ni; 0.149416
rv; 0.149416
ia; 0.148293
io; 0.148293
tm; 0.147170
ag; 0.146046
tj; 0.143799
nm; 0.141552
sn; 0.141552
eb; 0.140429
af; 0.135935
rc; 0.135935
lm; 0.132565
up; 0.132565
sf; 0.131441
pu; 0.126948
ja; 0.124701
ru; 0.119084
fr; 0.114590
rr; 0.114590
ng; 0.113467
bo; 0.112343
gr; 0.111220
ua; 0.111220
oe; 0.107849
sj; 0.107849
eh; 0.106726
rq; 0.106726
ca; 0.105603
eg; 0.105603
nq; 0.105603
rn; 0.104479
rp; 0.099985
jo; 0.097739
um; 0.097739
ip; 0.093245
op; 0.090998
vr; 0.090998
zv; 0.090998
be; 0.089875
ig; 0.089875
iq; 0.086504
tn; 0.085381
pp; 0.084257
oy; 0.082010
sb; 0.082010
ye; 0.082010
ju; 0.079764
ga; 0.078640
nj; 0.078640
sr; 0.078640
if; 0.075270
tf; 0.075270
nl; 0.071900
tb; 0.071900
cu; 0.070776
ex; 0.070776
ct; 0.069653
ol; 0.068529
pi; 0.068529
mb; 0.067406
sg; 0.067406
nu; 0.066282
ba; 0.064036
zp; 0.062912
ij; 0.060665
uj; 0.060665
lf; 0.059542
lv; 0.059542
ya; 0.059542
br; 0.058418
xd; 0.058418
xe; 0.058418
lq; 0.055048
nh; 0.055048
gn; 0.053925
cc; 0.052801
ze; 0.051678
nr; 0.050554
aq; 0.049431
ln; 0.048308
oc; 0.047184
ld; 0.046061
ub; 0.046061
zd; 0.046061
zm; 0.046061
ib; 0.044937
ob; 0.042690
ds; 0.041567
ah; 0.039320
sh; 0.039320
xp; 0.039320
ps; 0.038197
lh; 0.037073
lp; 0.037073
rj; 0.035950
fu; 0.034826
nb; 0.033703
gu; 0.032580
hu; 0.032580
pt; 0.032580
sy; 0.032580
xc; 0.032580
th; 0.031456
uu; 0.031456
xm; 0.031456
xq; 0.031456
xt; 0.030333
aj; 0.029209
gl; 0.029209
rf; 0.029209
zl; 0.029209
ii; 0.028086
uq; 0.028086
hi; 0.026962
of; 0.026962
ix; 0.025839
vu; 0.025839
za; 0.025839
fl; 0.024715
dh; 0.023592
pd; 0.023592
ay; 0.022469
rb; 0.022469
zc; 0.022469
zq; 0.022469
zt; 0.022469
hy; 0.021345
ny; 0.021345
ug; 0.021345
xs; 0.021345
dd; 0.019098
ae; 0.017975
tg; 0.017975
xa; 0.017975
ym; 0.017975
yp; 0.017975
dm; 0.016851
lc; 0.016851
lt; 0.016851
ly; 0.015728
oq; 0.015728
xv; 0.015728
ys; 0.015728
zs; 0.015728
mn; 0.014605
od; 0.014605
xi; 0.014605
xj; 0.014605
zj; 0.014605
ao; 0.013481
cd; 0.013481
cq; 0.013481
gi; 0.013481
bs; 0.012358
bu; 0.012358
cm; 0.012358
my; 0.012358
xo; 0.012358
pc; 0.011234
xr; 0.011234
zf; 0.011234
dp; 0.010111
mu; 0.010111
xf; 0.010111
xl; 0.010111
cv; 0.008987
jy; 0.008987
lj; 0.008987
ph; 0.008987
uh; 0.008987
uy; 0.008987
xb; 0.008987
yr; 0.008987
zb; 0.008987
zo; 0.008987
dc; 0.007864
gt; 0.007864
hm; 0.007864
lb; 0.007864
yv; 0.007864
zn; 0.007864
dv; 0.006741
lg; 0.006741
lr; 0.006741
nz; 0.006741
rh; 0.006741
yo; 0.006741
dt; 0.005617
fs; 0.005617
ty; 0.005617
xg; 0.005617
yc; 0.005617
yf; 0.005617
zu; 0.005617
ax; 0.004494
cj; 0.004494
cs; 0.004494
dj; 0.004494
dq; 0.004494
dy; 0.004494
ht; 0.004494
og; 0.004494
yd; 0.004494
yt; 0.004494
zr; 0.004494
cb; 0.003370
cp; 0.003370
dl; 0.003370
dn; 0.003370
ey; 0.003370
gd; 0.003370
gq; 0.003370
hd; 0.003370
hj; 0.003370
hl; 0.003370
hv; 0.003370
ji; 0.003370
md; 0.003370
oh; 0.003370
pf; 0.003370
pv; 0.003370
yl; 0.003370
zi; 0.003370
aa; 0.002247
bj; 0.002247
cg; 0.002247
cn; 0.002247
fd; 0.002247
hc; 0.002247
hn; 0.002247
hr; 0.002247
hs; 0.002247
ih; 0.002247
iz; 0.002247
oj; 0.002247
pb; 0.002247
pm; 0.002247
rz; 0.002247
vs; 0.002247
xu; 0.002247
zg; 0.002247
bh; 0.001123
bt; 0.001123
by; 0.001123
cf; 0.001123
cz; 0.001123
db; 0.001123
df; 0.001123
dz; 0.001123
fv; 0.001123
gs; 0.001123
hp; 0.001123
hq; 0.001123
iu; 0.001123
mc; 0.001123
ml; 0.001123
ms; 0.001123
pn; 0.001123
qa; 0.001123
ry; 0.001123
sz; 0.001123
uz; 0.001123
vd; 0.001123
vm; 0.001123
vt; 0.001123
vv; 0.001123
xh; 0.001123
xn; 0.001123
xy; 0.001123
yb; 0.001123
yg; 0.001123
yh; 0.001123
zy; 0.001123
ous; 0.952681
vou; 0.833595
eee; 0.731362
que; 0.670696
sse; 0.670696
eet; 0.668449
eed; 0.632499
ees; 0.615647
nne; 0.586438
eev; 0.574080
eem; 0.569586
eea; 0.553858
eel; 0.553858
eep; 0.537006
eec; 0.520155
ssd; 0.494315
lle; 0.489822
ent; 0.474093
our; 0.472970
tre; 0.472970
ais; 0.457242
evo; 0.446007
ere; 0.425785
ttd; 0.410057
ire; 0.407810
een; 0.397699
est; 0.393205
eur; 0.388712
tou; 0.376354
ssa; 0.360626
les; 0.359502
ien; 0.351638
equ; 0.347144
tte; 0.343774
eeq; 0.337033
pou; 0.337033
ssp; 0.326922
ait; 0.325799
eme; 0.317935
ant; 0.306700
ede; 0.302206
son; 0.301083
nte; 0.298836
out; 0.298836
squ; 0.297713
mon; 0.295466
par; 0.290972
ont; 0.289849
ttp; 0.288725
rai; 0.279738
ssl; 0.278614
ssc; 0.265133
ema; 0.262886
nna; 0.260639
ons; 0.260639
eej; 0.259516
ine; 0.252775
ssm; 0.251651
fai; 0.249405
sss; 0.247158
ttl; 0.246034
sde; 0.243787
ssv; 0.243787
ttc; 0.242664
ssq; 0.239294
mme; 0.238170
rrl; 0.235923
eeo; 0.233676
oin; 0.232553
sso; 0.231429
con; 0.229183
mai; 0.228059
rrd; 0.228059
des; 0.224689
ele; 0.224689
tta; 0.223565
org; 0.222442
int; 0.220195
tqu; 0.215701
ttq; 0.215701
eux; 0.213454
qui; 0.213454
rgo; 0.213454
gon; 0.212331
men; 0.212331
eef; 0.211207
oir; 0.208961
voi; 0.208961
ete; 0.207837
rre; 0.207837
ces; 0.206714
onn; 0.204467
nnd; 0.203343
ans; 0.202220
art; 0.199973
ret; 0.199973
nnc; 0.198850
ell; 0.197726
epo; 0.196603
tde; 0.196603
ela; 0.195479
ieu; 0.192109
eil; 0.189862
ort; 0.188739
pre; 0.188739
ssi; 0.188739
eei; 0.187615
lla; 0.187615
res; 0.187615
nde; 0.186492
nnp; 0.186492
set; 0.186492
eco; 0.185368
pas; 0.185368
tes; 0.184245
aut; 0.183121
end; 0.183121
svo; 0.183121
rin; 0.181998
tts; 0.181998
rde; 0.180874
don; 0.178628
dor; 0.178628
ene; 0.178628
ari; 0.177504
uff; 0.177504
ave; 0.176381
ori; 0.176381
eso; 0.175257
bie; 0.173010
ite; 0.171887
ttv; 0.170763
che; 0.169640
ame; 0.167393
ren; 0.167393
ece; 0.165146
emo; 0.165146
sen; 0.165146
air; 0.164023
ffe; 0.162899
ten; 0.162899
eje; 0.161776
mar; 0.159529
per; 0.159529
vot; 0.158406
nce; 0.157282
otr; 0.157282
omm; 0.155035
une; 0.155035
eer; 0.153912
poi; 0.153912
ler; 0.152788
rie; 0.152788
ses; 0.152788
ter; 0.152788
dre; 0.151665
rle; 0.150542
rtu; 0.148295
sst; 0.148295
dam; 0.147171
ser; 0.147171
ttm; 0.147171
ble; 0.144924
cce; 0.144924
ndr; 0.143801
ttj; 0.143801
ute; 0.143801
nnm; 0.141554
sle; 0.141554
ssn; 0.141554
sou; 0.140431
ttt; 0.140431
aam; 0.139307
moi; 0.138184
nnv; 0.138184
aac; 0.137060
lai; 0.137060
nns; 0.137060
eau; 0.135937
aap; 0.134813
tar; 0.134813
uil; 0.134813
ens; 0.133690
uui; 0.133690
rra; 0.132566
com; 0.131443
ian; 0.130320
tvo; 0.130320
urs; 0.130320
epa; 0.128073
iid; 0.128073
ria; 0.128073
ssf; 0.128073
aav; 0.126949
ale; 0.126949
edo; 0.126949
tuf; 0.126949
ann; 0.125826
tto; 0.125826
ain; 0.124702
cou; 0.124702
avo; 0.123579
epe; 0.123579
ess; 0.121332
nco; 0.121332
sce; 0.121332
esa; 0.120209
eeu; 0.119085
tce; 0.119085
and; 0.117962
nou; 0.117962
ddu; 0.116838
mes; 0.116838
nse; 0.116838
oit; 0.116838
ttr; 0.116838
ure; 0.116838
dun; 0.115715
eeb; 0.115715
ese; 0.115715
ins; 0.115715
nsi; 0.115715
san; 0.114591
etr; 0.113468
llo; 0.113468
ssu; 0.113468
uis; 0.113468
edi; 0.112344
ett; 0.112344
ion; 0.112344
rrs; 0.112344
sco; 0.112344
ver; 0.112344
eun; 0.111221
ise; 0.111221
tra; 0.111221
ill; 0.110098
peu; 0.110098
tet; 0.110098
eto; 0.108974
ier; 0.108974
lon; 0.108974
lui; 0.108974
rrv; 0.108974
tpo; 0.108974
rrm; 0.107851
ssj; 0.107851
uuo; 0.107851
aad; 0.106727
age; 0.106727
ntr; 0.106727
rqu; 0.106727
tle; 0.106727
eut; 0.105604
sdo; 0.105604
sie; 0.105604
veu; 0.105604
cha; 0.104480
ean; 0.104480
nqu; 0.104480
ose; 0.104480
ouv; 0.104480
rvo; 0.104480
tro; 0.104480
dan; 0.103357
eno; 0.103357
eve; 0.103357
iim; 0.103357
pri; 0.103357
uel; 0.103357
cle; 0.102233
mir; 0.102233
ran; 0.101110
ass; 0.099987
ech; 0.099987
eta; 0.099987
oeu; 0.099987
sai; 0.099987
spo; 0.099987
ein; 0.098863
nnf; 0.098863
tje; 0.098863
uon; 0.098863
aaf; 0.097740
efa; 0.097740
sur; 0.097740
eeh; 0.096616
eri; 0.096616
plu; 0.096616
aal; 0.095493
ime; 0.095493
nnn; 0.095493
tpa; 0.095493
aas; 0.094369
ama; 0.094369
fau; 0.094369
nes; 0.094369
rrc; 0.094369
sor; 0.094369
era; 0.093246
spa; 0.093246
tti; 0.092122
vec; 0.092122
eor; 0.090999
mis; 0.090999
nnq; 0.090999
rte; 0.090999
soi; 0.090999
zzv; 0.090999
cet; 0.089876
enc; 0.089876
iss; 0.089876
elm; 0.088752
iiv; 0.088752
lmi; 0.088752
val; 0.088752
aat; 0.087629
ami; 0.087629
dda; 0.087629
gra; 0.087629
rer; 0.087629
rrq; 0.087629
ace; 0.086505
dis; 0.086505
emp; 0.086505
epr; 0.086505
iqu; 0.086505
leu; 0.086505
lus; 0.086505
ois; 0.086505
sma; 0.086505
uud; 0.086505
dou; 0.085382
ils; 0.085382
nno; 0.085382
ttn; 0.085382
use; 0.085382
nnt; 0.084258
rit; 0.084258
for; 0.083135
iil; 0.083135
jou; 0.083135
ond; 0.083135
cho; 0.082011
nvo; 0.082011
ssb; 0.082011
zvo; 0.082011
ada; 0.080888
are; 0.080888
dde; 0.080888
iip; 0.080888
vie; 0.080888
non; 0.079765
rez; 0.079765
tie; 0.079765
ach; 0.078641
lea; 0.078641
npe; 0.078641
roi; 0.078641
ssr; 0.078641
uua; 0.078641
nai; 0.077518
spr; 0.077518
tem; 0.077518
uve; 0.077518
cen; 0.076394
cie; 0.076394
coe; 0.076394
jja; 0.076394
rop; 0.076394
rrp; 0.076394
ven; 0.076394
esu; 0.075271
ttf; 0.075271
ide; 0.074147
net; 0.074147
sil; 0.074147
ste; 0.074147
ude; 0.074147
utr; 0.074147
abl; 0.073024
ard; 0.073024
rce; 0.073024
sfa; 0.073024
amo; 0.071900
die; 0.071900
iel; 0.071900
mad; 0.071900
rou; 0.071900
ttb; 0.071900
sje; 0.070777
sui; 0.070777
tan; 0.070777
ule; 0.070777
iis; 0.069654
ner; 0.069654
oul; 0.069654
smo; 0.069654
nnl; 0.068530
pro; 0.068530
quo; 0.068530
sav; 0.068530
til; 0.068530
tio; 0.068530
uoi; 0.068530
bon; 0.067407
ert; 0.067407
uue; 0.067407
ecl; 0.066283
hom; 0.066283
rne; 0.066283
rru; 0.066283
sau; 0.066283
sme; 0.066283
cro; 0.065160
eva; 0.065160
hos; 0.065160
iiq; 0.065160
mer; 0.065160
oui; 0.065160
por; 0.065160
rme; 0.065160
rrt; 0.065160
ssg; 0.065160
uum; 0.065160
aco; 0.064036
cel; 0.064036
ivo; 0.064036
nfi; 0.064036
ouc; 0.064036
pla; 0.064036
pos; 0.064036
sun; 0.064036
vos; 0.064036
dev; 0.062913
iez; 0.062913
nen; 0.062913
run; 0.062913
tai; 0.062913
ttu; 0.062913
zzp; 0.062913
eeg; 0.061789
tla; 0.061789
tun; 0.061789
aux; 0.060666
eda; 0.060666
eon; 0.060666
gen; 0.060666
iij; 0.060666
pui; 0.060666
rla; 0.060666
tir; 0.060666
arl; 0.059543
aur; 0.059543
dir; 0.059543
dit; 0.059543
eav; 0.059543
llf; 0.059543
llv; 0.059543
rem; 0.059543
rep; 0.059543
rro; 0.059543
sla; 0.059543
uuc; 0.059543
all; 0.058419
anc; 0.058419
ers; 0.058419
esi; 0.058419
iso; 0.058419
jus; 0.058419
mie; 0.058419
nnj; 0.058419
sez; 0.058419
tel; 0.058419
xxd; 0.058419
lfa; 0.057296
lls; 0.057296
nso; 0.057296
sem; 0.057296
sne; 0.057296
tco; 0.057296
ecr; 0.056172
eou; 0.056172
itr; 0.056172
nel; 0.056172
nts; 0.056172
ato; 0.055049
evi; 0.055049
fil; 0.055049
fre; 0.055049
len; 0.055049
lqu; 0.055049
omp; 0.055049
oux; 0.055049
uit; 0.055049
ade; 0.053925
app; 0.053925
cor; 0.053925
fer; 0.053925
iic; 0.053925
lli; 0.053925
nti; 0.053925
vai; 0.053925
aar; 0.052802
epu; 0.052802
rti; 0.052802
sto; 0.052802
uup; 0.052802
ern; 0.051678
ffr; 0.051678
jai; 0.051678
man; 0.051678
nge; 0.051678
nni; 0.051678
rto; 0.051678
ava; 0.050555
ndo; 0.050555
nnh; 0.050555
ome; 0.050555
rmo; 0.050555
rso; 0.050555
aqu; 0.049432
att; 0.049432
dem; 0.049432
deu; 0.049432
ici; 0.049432
loi; 0.049432
ndi; 0.049432
rir; 0.049432
sdi; 0.049432
eci; 0.048308
enf; 0.048308
fin; 0.048308
ice; 0.048308
lez; 0.048308
lln; 0.048308
nmo; 0.048308
oup; 0.048308
rdo; 0.048308
ris; 0.048308
spl; 0.048308
sre; 0.048308
tdo; 0.048308
tma; 0.048308
tso; 0.048308
ura; 0.048308
vez; 0.048308
doi; 0.047185
ebi; 0.047185
eni; 0.047185
eti; 0.047185
hon; 0.047185
iin; 0.047185
nma; 0.047185
nta; 0.047185
ati; 0.046061
efe; 0.046061
lld; 0.046061
met; 0.046061
rec; 0.046061
uss; 0.046061
uun; 0.046061
zzd; 0.046061
zzm; 0.046061
ala; 0.044938
cla; 0.044938
her; 0.044938
imp; 0.044938
mou; 0.044938
rta; 0.044938
van; 0.044938
den; 0.043814
elu; 0.043814
epl; 0.043814
esp; 0.043814
ile; 0.043814
jje; 0.043814
mem; 0.043814
nda; 0.043814
sei; 0.043814
tbi; 0.043814
vre; 0.043814
apr; 0.042691
cre; 0.042691
cri; 0.042691
emb; 0.042691
ije; 0.042691
llm; 0.042691
med; 0.042691
onc; 0.042691
ouf; 0.042691
sch; 0.042691
sta; 0.042691
uch; 0.042691
ger; 0.041567
nfa; 0.041567
nir; 0.041567
nnr; 0.041567
ore; 0.041567
rac; 0.041567
rom; 0.041567
vra; 0.041567
efo; 0.040444
elq; 0.040444
ign; 0.040444
lie; 0.040444
mma; 0.040444
mpl; 0.040444
nve; 0.040444
ord; 0.040444
oye; 0.040444
sin; 0.040444
spe; 0.040444
str; 0.040444
ton; 0.040444
uus; 0.040444
uut; 0.040444
aab; 0.039321
det; 0.039321
heu; 0.039321
iit; 0.039321
ila; 0.039321
isc; 0.039321
isi; 0.039321
mbl; 0.039321
ole; 0.039321
tmo; 0.039321
uci; 0.039321
ujo; 0.039321
uul; 0.039321
uvo; 0.039321
aan; 0.038197
gar; 0.038197
iif; 0.038197
nje; 0.038197
pen; 0.038197
rav; 0.038197
tfa; 0.038197
tne; 0.038197
tsa; 0.038197
xde; 0.038197
avi; 0.037074
bea; 0.037074
ehe; 0.037074
ido; 0.037074
ima; 0.037074
llp; 0.037074
nle; 0.037074
oya; 0.037074
rma; 0.037074
sge; 0.037074
sno; 0.037074
ang; 0.035950
aso; 0.035950
cer; 0.035950
ega; 0.035950
eho; 0.035950
erv; 0.035950
eul; 0.035950
lat; 0.035950
rrj; 0.035950
sbi; 0.035950
ssh; 0.035950
tez; 0.035950
tme; 0.035950
cun; 0.034827
eus; 0.034827
foi; 0.034827
fon; 0.034827
hez; 0.034827
jam; 0.034827
lem; 0.034827
mpo; 0.034827
nch; 0.034827
reu; 0.034827
rev; 0.034827
seu; 0.034827
tau; 0.034827
tdu; 0.034827
umo; 0.034827
ust; 0.034827
uuv; 0.034827
xxe; 0.034827
abo; 0.033703
acc; 0.033703
aff; 0.033703
apa; 0.033703
ate; 0.033703
aus; 0.033703
edu; 0.033703
its; 0.033703
mal; 0.033703
mot; 0.033703
nnb; 0.033703
npa; 0.033703
sec; 0.033703
tse; 0.033703
yez; 0.033703
aaq; 0.032580
der; 0.032580
ebo; 0.032580
emm; 0.032580
esc; 0.032580
gne; 0.032580
iie; 0.032580
jen; 0.032580
lam; 0.032580
lin; 0.032580
llh; 0.032580
lor; 0.032580
loy; 0.032580
nam; 0.032580
nfr; 0.032580
pie; 0.032580
rel; 0.032580
egr; 0.031456
emi; 0.031456
ira; 0.031456
isa; 0.031456
lan; 0.031456
lvo; 0.031456
rri; 0.031456
sir; 0.031456
ssy; 0.031456
sti; 0.031456
ues; 0.031456
uuu; 0.031456
xqu; 0.031456
xxm; 0.031456
adi; 0.030333
fac; 0.030333
gue; 0.030333
har; 0.030333
iio; 0.030333
ind; 0.030333
ipo; 0.030333
nds; 0.030333
nez; 0.030333
nre; 0.030333
rlo; 0.030333
ron; 0.030333
rrn; 0.030333
uen; 0.030333
uer; 0.030333
uto; 0.030333
xxq; 0.030333
act; 0.029210
afa; 0.029210
auc; 0.029210
dep; 0.029210
ffa; 0.029210
fie; 0.029210
fri; 0.029210
han; 0.029210
inc; 0.029210
lau; 0.029210
nor; 0.029210
sac; 0.029210
sag; 0.029210
tor; 0.029210
udr; 0.029210
urr; 0.029210
usq; 0.029210
zzl; 0.029210
arm; 0.028086
bli; 0.028086
dau; 0.028086
ddo; 0.028086
iti; 0.028086
ive; 0.028086
lar; 0.028086
mps; 0.028086
nnu; 0.028086
ong; 0.028086
pec; 0.028086
rsa; 0.028086
scr; 0.028086
tac; 0.028086
tpr; 0.028086
uqu; 0.028086
zel; 0.028086
aim; 0.026963
dra; 0.026963
eff; 0.026963
fen; 0.026963
hai; 0.026963
iet; 0.026963
ipa; 0.026963
jet; 0.026963
mpe; 0.026963
nau; 0.026963
ndu; 0.026963
nie; 0.026963
npo; 0.026963
nvi; 0.026963
ouj; 0.026963
rat; 0.026963
ril; 0.026963
rse; 0.026963
tda; 0.026963
tpl; 0.026963
uuf; 0.026963
uuq; 0.026963
vis; 0.026963
afi; 0.025839
ape; 0.025839
bou; 0.025839
cte; 0.025839
cti; 0.025839
efi; 0.025839
fem; 0.025839
ges; 0.025839
ivr; 0.025839
npr; 0.025839
ple; 0.025839
qua; 0.025839
rpr; 0.025839
sho; 0.025839
svi; 0.025839
teu; 0.025839
zpa; 0.025839
zza; 0.025839
zze; 0.025839
aaj; 0.024716
ara; 0.024716
arr; 0.024716
ceu; 0.024716
def; 0.024716
eam; 0.024716
eba; 0.024716
eca; 0.024716
env; 0.024716
err; 0.024716
ige; 0.024716
imo; 0.024716
let; 0.024716
lig; 0.024716
lll; 0.024716
min; 0.024716
nme; 0.024716
nsu; 0.024716
oie; 0.024716
onf; 0.024716
oue; 0.024716
rpo; 0.024716
sda; 0.024716
sio; 0.024716
tab; 0.024716
tot; 0.024716
tri; 0.024716
uau; 0.024716
ubl; 0.024716
uce; 0.024716
uco; 0.024716
ulo; 0.024716
uma; 0.024716
upa; 0.024716
uvr; 0.024716
yal; 0.024716
zpo; 0.024716
ccl; 0.023592
ddh; 0.023592
eli; 0.023592
erm; 0.023592
exe; 0.023592
ita; 0.023592
lac; 0.023592
lde; 0.023592
lse; 0.023592
neu; 0.023592
nfo; 0.023592
nho; 0.023592
pli; 0.023592
ppd; 0.023592
ppo; 0.023592
rch; 0.023592
rei; 0.023592
rim; 0.023592
rsu; 0.023592
tim; 0.023592
xxp; 0.023592
yeu; 0.023592
apo; 0.022469
asa; 0.022469
auv; 0.022469
del; 0.022469
eat; 0.022469
ect; 0.022469
ifa; 0.022469
lut; 0.022469
ncr; 0.022469
nng; 0.022469
not; 0.022469
obl; 0.022469
off; 0.022469
oil; 0.022469
oud; 0.022469
plo; 0.022469
pon; 0.022469
ppa; 0.022469
reg; 0.022469
rmi; 0.022469
rpa; 0.022469
sel; 0.022469
sfo; 0.022469
tin; 0.022469
tno; 0.022469
tsi; 0.022469
uri; 0.022469
voy; 0.022469
zmo; 0.022469
zqu; 0.022469
zzc; 0.022469
zzq; 0.022469
zzt; 0.022469
aie; 0.021345
ase; 0.021345
aud; 0.021345
car; 0.021345
dec; 0.021345
dez; 0.021345
eal; 0.021345
elo; 0.021345
enn; 0.021345
mmo; 0.021345
nju; 0.021345
nny; 0.021345
nsa; 0.021345
nva; 0.021345
ors; 0.021345
ote; 0.021345
ots; 0.021345
rje; 0.021345
sal; 0.021345
sca; 0.021345
tdi; 0.021345
tfo; 0.021345
tit; 0.021345
uiv; 0.021345
ume; 0.021345
xxc; 0.021345
xxs; 0.021345
atr; 0.020222
bru; 0.020222
efu; 0.020222
hau; 0.020222
ior; 0.020222
nil; 0.020222
nul; 0.020222
opo; 0.020222
orr; 0.020222
rco; 0.020222
rdu; 0.020222
rui; 0.020222
sdu; 0.020222
sfe; 0.020222
sgr; 0.020222
sye; 0.020222
uje; 0.020222
aag; 0.019099
afo; 0.019099
alu; 0.019099
ata; 0.019099
bla; 0.019099
bra; 0.019099
cas; 0.019099
ccu; 0.019099
ddd; 0.019099
ddi; 0.019099
dui; 0.019099
eah; 0.019099
eai; 0.019099
eha; 0.019099
ena; 0.019099
ero; 0.019099
ets; 0.019099
hum; 0.019099
idi; 0.019099
ifi; 0.019099
ito; 0.019099
lic; 0.019099
llu; 0.019099
lne; 0.019099
lou; 0.019099
ngr; 0.019099
nom; 0.019099
omb; 0.019099
ppr; 0.019099
ras; 0.019099
rts; 0.019099
sat; 0.019099
stu; 0.019099
sus; 0.019099
tat; 0.019099
tsu; 0.019099
tur; 0.019099
usa; 0.019099
zde; 0.019099
aae; 0.017975
acl; 0.017975
ado; 0.017975
afe; 0.017975
bat; 0.017975
cco; 0.017975
cea; 0.017975
dro; 0.017975
eja; 0.017975
ejo; 0.017975
fra; 0.017975
glo; 0.017975
ibl; 0.017975
ipe; 0.017975
mpt; 0.017975
nag; 0.017975
nga; 0.017975
rau; 0.017975
red; 0.017975
rge; 0.017975
rno; 0.017975
rve; 0.017975
see; 0.017975
tcr; 0.017975
tif; 0.017975
ttg; 0.017975
tth; 0.017975
uan; 0.017975
uir; 0.017975
urp; 0.017975
uva; 0.017975
vit; 0.017975
xet; 0.017975
zma; 0.017975
ear; 0.016852
els; 0.016852
epi; 0.016852
erc; 0.016852
fou; 0.016852
ies; 0.016852
iib; 0.016852
ist; 0.016852
lav; 0.016852
lho; 0.016852
mor; 0.016852
nav; 0.016852
nto; 0.016852
oub; 0.016852
ror; 0.016852
sol; 0.016852
sve; 0.016852
tag; 0.016852
tpe; 0.016852
ucu; 0.016852
ula; 0.016852
uub; 0.016852
uuj; 0.016852
xem; 0.016852
ail; 0.015728
arg; 0.015728
aro; 0.015728
bor; 0.015728
cus; 0.015728
dav; 0.015728
egl; 0.015728
exp; 0.015728
ext; 0.015728
gag; 0.015728
iir; 0.015728
llc; 0.015728
nem; 0.015728
nin; 0.015728
nos; 0.015728
oqu; 0.015728
pde; 0.015728
pei; 0.015728
pir; 0.015728
rda; 0.015728
rol; 0.015728
roy; 0.015728
rrr; 0.015728
sar; 0.015728
tve; 0.015728
upe; 0.015728
upo; 0.015728
viv; 0.015728
xtr; 0.015728
xxv; 0.015728
yan; 0.015728
zzs; 0.015728
abi; 0.014605
acr; 0.014605
amn; 0.014605
apl; 0.014605
aye; 0.014605
bes; 0.014605
can; 0.014605
dal; 0.014605
ecu; 0.014605
etu; 0.014605
evr; 0.014605
gre; 0.014605
ico; 0.014605
las; 0.014605
lex; 0.014605
llq; 0.014605
nan; 0.014605
nat; 0.014605
ncl; 0.014605
orm; 0.014605
ppe; 0.014605
rag; 0.014605
rlu; 0.014605
rrf; 0.014605
rvi; 0.014605
sap; 0.014605
sbr; 0.014605
sim; 0.014605
sit; 0.014605
sup; 0.014605
tav; 0.014605
tbe; 0.014605
tic; 0.014605
upr; 0.014605
urq; 0.014605
xxa; 0.014605
xxj; 0.014605
xxt; 0.014605
zzj; 0.014605
apu; 0.013481
ccd; 0.013481
cqu; 0.013481
dac; 0.013481
eii; 0.013481
eng; 0.013481
hor; 0.013481
hui; 0.013481
ing; 0.013481
isq; 0.013481
isu; 0.013481
itt; 0.013481
iva; 0.013481
joi; 0.013481
lap; 0.013481
lec; 0.013481
lme; 0.013481
lmo; 0.013481
mau; 0.013481
mec; 0.013481
mit; 0.013481
mne; 0.013481
mpr; 0.013481
nfe; 0.013481
pet; 0.013481
rfa; 0.013481
roc; 0.013481
rsi; 0.013481
sbo; 0.013481
scl; 0.013481
som; 0.013481
spi; 0.013481
sra; 0.013481
tch; 0.013481
tmi; 0.013481
uet; 0.013481
ulu; 0.013481
uta; 0.013481
voe; 0.013481
yme; 0.013481
aao; 0.012358
aig; 0.012358
ali; 0.012358
aor; 0.012358
ccm; 0.012358
dab; 0.012358
dai; 0.012358
deb; 0.012358
eac; 0.012358
ebr; 0.012358
eim; 0.012358
enu; 0.012358
erd; 0.012358
ffi; 0.012358
fit; 0.012358
hoi; 0.012358
hym; 0.012358
inj; 0.012358
ivi; 0.012358
lei; 0.012358
llt; 0.012358
lly; 0.012358
lve; 0.012358
mel; 0.012358
meu; 0.012358
mod; 0.012358
mpu; 0.012358
nca; 0.012358
nex; 0.012358
nhe; 0.012358
npu; 0.012358
nra; 0.012358
oce; 0.012358
ode; 0.012358
oig; 0.012358
ora; 0.012358
orc; 0.012358
oti; 0.012358
pab; 0.012358
pau; 0.012358
ppl; 0.012358
pur; 0.012358
rdr; 0.012358
ref; 0.012358
rsq; 0.012358
sam; 0.012358
sot; 0.012358
sva; 0.012358
the; 0.012358
tru; 0.012358
uda; 0.012358
ufa; 0.012358
uni; 0.012358
urn; 0.012358
xma; 0.012358
xxo; 0.012358
zle; 0.012358
acu; 0.011234
agr; 0.011234
aju; 0.011234
arc; 0.011234
dhu; 0.011234
din; 0.011234
eap; 0.011234
eju; 0.011234
exc; 0.011234
fas; 0.011234
ffo; 0.011234
fid; 0.011234
fro; 0.011234
fus; 0.011234
gal; 0.011234
hes; 0.011234
iff; 0.011234
ifo; 0.011234
iii; 0.011234
imi; 0.011234
ina; 0.011234
inf; 0.011234
irs; 0.011234
jur; 0.011234
leg; 0.011234
lim; 0.011234
lis; 0.011234
lso; 0.011234
mil; 0.011234
nal; 0.011234
nee; 0.011234
nha; 0.011234
nsc; 0.011234
ost; 0.011234
pte; 0.011234
rdi; 0.011234
rpl; 0.011234
rrb; 0.011234
sbe; 0.011234
sjo; 0.011234
spu; 0.011234
tee; 0.011234
tis; 0.011234
tlo; 0.011234
udi; 0.011234
uei; 0.011234
ueu; 0.011234
uge; 0.011234
ull; 0.011234
umi; 0.011234
upp; 0.011234
uur; 0.011234
vei; 0.011234
vin; 0.011234
xmo; 0.011234
xxr; 0.011234
yen; 0.011234
yya; 0.011234
zzf; 0.011234
aba; 0.010111
aet; 0.010111
ani; 0.010111
asu; 0.010111
auj; 0.010111
ban; 0.010111
bst; 0.010111
cca; 0.010111
ccc; 0.010111
chi; 0.010111
coi; 0.010111
ddp; 0.010111
dej; 0.010111
dho; 0.010111
dmi; 0.010111
dri; 0.010111
eaf; 0.010111
ebe; 0.010111
eez; 0.010111
ege; 0.010111
eze; 0.010111
gea; 0.010111
hac; 0.010111
has; 0.010111
hea; 0.010111
his; 0.010111
ino; 0.010111
iri; 0.010111
itu; 0.010111
lib; 0.010111
liq; 0.010111
lir; 0.010111
lit; 0.010111
lpa; 0.010111
lpo; 0.010111
mba; 0.010111
mbr; 0.010111
mom; 0.010111
mpa; 0.010111
nbi; 0.010111
njo; 0.010111
nla; 0.010111
nsp; 0.010111
nst; 0.010111
nus; 0.010111
obs; 0.010111
och; 0.010111
olu; 0.010111
omi; 0.010111
onv; 0.010111
opp; 0.010111
pit; 0.010111
poc; 0.010111
pud; 0.010111
rgu; 0.010111
rva; 0.010111
sef; 0.010111
sli; 0.010111
slu; 0.010111
sri; 0.010111
tas; 0.010111
tja; 0.010111
tju; 0.010111
tud; 0.010111
uav; 0.010111
udo; 0.010111
urd; 0.010111
urt; 0.010111
usi; 0.010111
vau; 0.010111
xpl; 0.010111
xpo; 0.010111
xxf; 0.010111
xxl; 0.010111
ypo; 0.010111
zet; 0.010111
zto; 0.010111
adm; 0.008988
aga; 0.008988
anu; 0.008988
api; 0.008988
asi; 0.008988
ber; 0.008988
bre; 0.008988
cau; 0.008988
cct; 0.008988
ccv; 0.008988
cep; 0.008988
dic; 0.008988
div; 0.008988
eas; 0.008988
ebl; 0.008988
enr; 0.008988
fav; 0.008988
fic; 0.008988
fla; 0.008988
fle; 0.008988
fut; 0.008988
gem; 0.008988
hel; 0.008988
hen; 0.008988
hyp; 0.008988
ica; 0.008988
iec; 0.008988
ied; 0.008988
igr; 0.008988
jjy; 0.008988
jug; 0.008988
lab; 0.008988
laf; 0.008988
ldo; 0.008988
llj; 0.008988
lpr; 0.008988
lun; 0.008988
mat; 0.008988
mei; 0.008988
mex; 0.008988
moq; 0.008988
ngu; 0.008988
nun; 0.008988
ocr; 0.008988
ono; 0.008988
oss; 0.008988
ppp; 0.008988
rab; 0.008988
rap; 0.008988
rbe; 0.008988
rbi; 0.008988
rig; 0.008988
sas; 0.008988
sci; 0.008988
sfi; 0.008988
smi; 0.008988
tho; 0.008988
tlu; 0.008988
tva; 0.008988
tvr; 0.008988
uli; 0.008988
upi; 0.008988
vel; 0.008988
vor; 0.008988
xdo; 0.008988
xor; 0.008988
xpa; 0.008988
xvo; 0.008988
xxb; 0.008988
xxi; 0.008988
yyp; 0.008988
yys; 0.008988
zdo; 0.008988
ztr; 0.008988
zzb; 0.008988
zzo; 0.008988
aca; 0.007864
adr; 0.007864
aeu; 0.007864
aib; 0.007864
amm; 0.007864
ana; 0.007864
ane; 0.007864
ano; 0.007864
anq; 0.007864
bel; 0.007864
bri; 0.007864
cat; 0.007864
ccq; 0.007864
cev; 0.007864
cil; 0.007864
cit; 0.007864
cra; 0.007864
cvo; 0.007864
dar; 0.007864
ddc; 0.007864
ddm; 0.007864
dif; 0.007864
dil; 0.007864
eob; 0.007864
fam; 0.007864
fan; 0.007864
fet; 0.007864
feu; 0.007864
gez; 0.007864
gno; 0.007864
got; 0.007864
gri; 0.007864
hhm; 0.007864
ich; 0.007864
iia; 0.007864
iig; 0.007864
ini; 0.007864
inn; 0.007864
iol; 0.007864
jau; 0.007864
lco; 0.007864
lhe; 0.007864
llb; 0.007864
lva; 0.007864
mac; 0.007864
mez; 0.007864
moy; 0.007864
nar; 0.007864
nay; 0.007864
nbe; 0.007864
nbo; 0.007864
nit; 0.007864
nob; 0.007864
noc; 0.007864
noi; 0.007864
npl; 0.007864
onj; 0.007864
pay; 0.007864
pco; 0.007864
pru; 0.007864
pun; 0.007864
put; 0.007864
ree; 0.007864
rfi; 0.007864
ric; 0.007864
rix; 0.007864
rju; 0.007864
rpe; 0.007864
rtr; 0.007864
rud; 0.007864
sex; 0.007864
sju; 0.007864
sob; 0.007864
tal; 0.007864
tfr; 0.007864
tgr; 0.007864
toi; 0.007864
tom; 0.007864
tpu; 0.007864
ubo; 0.007864
uic; 0.007864
uro; 0.007864
uso; 0.007864
uvi; 0.007864
vic; 0.007864
vio; 0.007864
vir; 0.007864
xce; 0.007864
xec; 0.007864
xil; 0.007864
xre; 0.007864
yer; 0.007864
yyv; 0.007864
zce; 0.007864
zzn; 0.007864
aah; 0.006741
abu; 0.006741
agn; 0.006741
aha; 0.006741
aja; 0.006741
ajo; 0.006741
atu; 0.006741
bal; 0.006741
bar; 0.006741
bas; 0.006741
bus; 0.006741
cab; 0.006741
cec; 0.006741
col; 0.006741
cta; 0.006741
cut; 0.006741
ddv; 0.006741
dig; 0.006741
dvo; 0.006741
ead; 0.006741
eex; 0.006741
efr; 0.006741
eic; 0.006741
eiv; 0.006741
eof; 0.006741
ept; 0.006741
erf; 0.006741
fli; 0.006741
gat; 0.006741
gni; 0.006741
gou; 0.006741
haq; 0.006741
ibe; 0.006741
ili; 0.006741
ilu; 0.006741
ipu; 0.006741
jav; 0.006741
jeu; 0.006741
lev; 0.006741
llr; 0.006741
lob; 0.006741
lof; 0.006741
lte; 0.006741
lum; 0.006741
mas; 0.006741
mbe; 0.006741
mee; 0.006741
mmi; 0.006741
mmy; 0.006741
nab; 0.006741
nac; 0.006741
nec; 0.006741
nef; 0.006741
nfu; 0.006741
nmi; 0.006741
nnz; 0.006741
nri; 0.006741
nue; 0.006741
nui; 0.006741
nze; 0.006741
oix; 0.006741
ona; 0.006741
orn; 0.006741
ott; 0.006741
pis; 0.006741
pub; 0.006741
ral; 0.006741
ram; 0.006741
rcl; 0.006741
rni; 0.006741
ros; 0.006741
sab; 0.006741
sad; 0.006741
sis; 0.006741
slo; 0.006741
snu; 0.006741
sop; 0.006741
suf; 0.006741
suj; 0.006741
tap; 0.006741
tbo; 0.006741
tcl; 0.006741
tei; 0.006741
ubi; 0.006741
uez; 0.006741
ufr; 0.006741
uin; 0.006741
uno; 0.006741
upl; 0.006741
usu; 0.006741
uya; 0.006741
vol; 0.006741
von; 0.006741
vue; 0.006741
xso; 0.006741
yon; 0.006741
yre; 0.006741
zbi; 0.006741
zen; 0.006741
zje; 0.006741
zpr; 0.006741
abe; 0.005617
abr; 0.005617
aci; 0.005617
ago; 0.005617
aix; 0.005617
arf; 0.005617
ats; 0.005617
ben; 0.005617
bit; 0.005617
cde; 0.005617
ced; 0.005617
cma; 0.005617
coq; 0.005617
cru; 0.005617
cto; 0.005617
cul; 0.005617
ddt; 0.005617
dia; 0.005617
dom; 0.005617
dur; 0.005617
eab; 0.005617
efl; 0.005617
ehu; 0.005617
eth; 0.005617
euv; 0.005617
far; 0.005617
fei; 0.005617
ffl; 0.005617
fui; 0.005617
gli; 0.005617
gna; 0.005617
gte; 0.005617
ham; 0.005617
hem; 0.005617
hmo; 0.005617
ibi; 0.005617
ibo; 0.005617
igu; 0.005617
ilo; 0.005617
ipl; 0.005617
ipr; 0.005617
ivu; 0.005617
lad; 0.005617
lag; 0.005617
lee; 0.005617
lhy; 0.005617
lje; 0.005617
lma; 0.005617
los; 0.005617
lpe; 0.005617
lre; 0.005617
lsa; 0.005617
lsu; 0.005617
lto; 0.005617
lvi; 0.005617
mep; 0.005617
mob; 0.005617
mpi; 0.005617
mus; 0.005617
mys; 0.005617
nah; 0.005617
nas; 0.005617
nba; 0.005617
ngt; 0.005617
nio; 0.005617
nis; 0.005617
nli; 0.005617
obe; 0.005617
occ; 0.005617
oei; 0.005617
oli; 0.005617
opr; 0.005617
oso; 0.005617
pag; 0.005617
pai; 0.005617
pan; 0.005617
phi; 0.005617
pot; 0.005617
ppc; 0.005617
rah; 0.005617
reb; 0.005617
rfo; 0.005617
rio; 0.005617
riv; 0.005617
rot; 0.005617
rrg; 0.005617
rup; 0.005617
saf; 0.005617
seq; 0.005617
sga; 0.005617
sib; 0.005617
soe; 0.005617
sro; 0.005617
tam; 0.005617
tca; 0.005617
tex; 0.005617
tfe; 0.005617
tga; 0.005617
tiq; 0.005617
tsc; 0.005617
uar; 0.005617
uha; 0.005617
upc; 0.005617
ups; 0.005617
urb; 0.005617
uti; 0.005617
vri; 0.005617
xbr; 0.005617
xim; 0.005617
xje; 0.005617
xme; 0.005617
xpe; 0.005617
xxg; 0.005617
yst; 0.005617
yyc; 0.005617
yyf; 0.005617
yyr; 0.005617
zda; 0.005617
zfa; 0.005617
zlu; 0.005617
zor; 0.005617
zso; 0.005617
zun; 0.005617
zzu; 0.005617
afl; 0.004494
aje; 0.004494
alo; 0.004494
amp; 0.004494
arq; 0.004494
avu; 0.004494
axi; 0.004494
aya; 0.004494
bei; 0.004494
bil; 0.004494
but; 0.004494
cac; 0.004494
cap; 0.004494
ccj; 0.004494
cdo; 0.004494
cin; 0.004494
clu; 0.004494
cot; 0.004494
daf; 0.004494
dap; 0.004494
ddj; 0.004494
ddq; 0.004494
ddy; 0.004494
dee; 0.004494
deg; 0.004494
deh; 0.004494
dex; 0.004494
doc; 0.004494
dos; 0.004494
dqu; 0.004494
ebu; 0.004494
egi; 0.004494
eig; 0.004494
eis; 0.004494
eug; 0.004494
fec; 0.004494
fes; 0.004494
git; 0.004494
gle; 0.004494
hal; 0.004494
hat; 0.004494
hee; 0.004494
het; 0.004494
hht; 0.004494
hie; 0.004494
hil; 0.004494
hir; 0.004494
ibr; 0.004494
icl; 0.004494
ida; 0.004494
idu; 0.004494
iee; 0.004494
igi; 0.004494
inq; 0.004494
lia; 0.004494
lip; 0.004494
liv; 0.004494
mag; 0.004494
map; 0.004494
mav; 0.004494
max; 0.004494
mol; 0.004494
nap; 0.004494
nci; 0.004494
nep; 0.004494
nhy; 0.004494
nic; 0.004494
nig; 0.004494
nim; 0.004494
noe; 0.004494
nvr; 0.004494
oct; 0.004494
oiv; 0.004494
olo; 0.004494
onh; 0.004494
ouh; 0.004494
oyo; 0.004494
pat; 0.004494
pel; 0.004494
ppt; 0.004494
ppu; 0.004494
raf; 0.004494
rar; 0.004494
rea; 0.004494
reh; 0.004494
rex; 0.004494
rif; 0.004494
rna; 0.004494
rof; 0.004494
rrh; 0.004494
rue; 0.004494
sbl; 0.004494
sea; 0.004494
sha; 0.004494
shu; 0.004494
sic; 0.004494
smy; 0.004494
taq; 0.004494
tec; 0.004494
thy; 0.004494
tpi; 0.004494
tue; 0.004494
ube; 0.004494
udu; 0.004494
ufo; 0.004494
ugl; 0.004494
uie; 0.004494
uou; 0.004494
urm; 0.004494
urv; 0.004494
uug; 0.004494
ves; 0.004494
vvo; 0.004494
xav; 0.004494
xch; 0.004494
xcu; 0.004494
xen; 0.004494
xfa; 0.004494
xge; 0.004494
xse; 0.004494
xsi; 0.004494
xte; 0.004494
xto; 0.004494
xtu; 0.004494
yab; 0.004494
yvo; 0.004494
yyt; 0.004494
zau; 0.004494
zdi; 0.004494
zfo; 0.004494
zla; 0.004494
zpe; 0.004494
zva; 0.004494
zzr; 0.004494
adu; 0.003370
afr; 0.003370
agi; 0.003370
agl; 0.003370
ahi; 0.003370
aid; 0.003370
alh; 0.003370
amu; 0.003370
aph; 0.003370
arn; 0.003370
aru; 0.003370
asc; 0.003370
aun; 0.003370
avr; 0.003370
bag; 0.003370
bai; 0.003370
bau; 0.003370
blo; 0.003370
cag; 0.003370
caq; 0.003370
ccb; 0.003370
ccp; 0.003370
ccs; 0.003370
cem; 0.003370
cid; 0.003370
cir; 0.003370
cli; 0.003370
cmo; 0.003370
das; 0.003370
ddl; 0.003370
ddn; 0.003370
ddr; 0.003370
ded; 0.003370
dma; 0.003370
dpo; 0.003370
dpr; 0.003370
dto; 0.003370
due; 0.003370
dup; 0.003370
ecq; 0.003370
edr; 0.003370
eey; 0.003370
ego; 0.003370
ehy; 0.003370
emu; 0.003370
eoc; 0.003370
erg; 0.003370
erp; 0.003370
esh; 0.003370
eud; 0.003370
evu; 0.003370
exa; 0.003370
fal; 0.003370
fat; 0.003370
fur; 0.003370
fuy; 0.003370
gau; 0.003370
ggd; 0.003370
ggq; 0.003370
gqu; 0.003370
hab; 0.003370
hhd; 0.003370
hhj; 0.003370
hhl; 0.003370
hhv; 0.003370
iab; 0.003370
iag; 0.003370
iai; 0.003370
iba; 0.003370
ife; 0.003370
ifs; 0.003370
ija; 0.003370
iju; 0.003370
inv; 0.003370
iou; 0.003370
iro; 0.003370
jal; 0.003370
jap; 0.003370
jji; 0.003370
lbe; 0.003370
lda; 0.003370
ldi; 0.003370
leb; 0.003370
lel; 0.003370
lgr; 0.003370
lhu; 0.003370
lio; 0.003370
lno; 0.003370
lot; 0.003370
lup; 0.003370
mmd; 0.003370
nhu; 0.003370
niq; 0.003370
nja; 0.003370
nlo; 0.003370
ntu; 0.003370
oic; 0.003370
oif; 0.003370
oll; 0.003370
oly; 0.003370
one; 0.003370
ooc; 0.003370
oph; 0.003370
osi; 0.003370
oua; 0.003370
oum; 0.003370
pap; 0.003370
pes; 0.003370
pol; 0.003370
ppf; 0.003370
ppv; 0.003370
pti; 0.003370
rci; 0.003370
rds; 0.003370
rgr; 0.003370
rho; 0.003370
rib; 0.003370
rip; 0.003370
rpi; 0.003370
rsc; 0.003370
rul; 0.003370
sdr; 0.003370
sep; 0.003370
sfl; 0.003370
she; 0.003370
six; 0.003370
sof; 0.003370
soy; 0.003370
sua; 0.003370
suc; 0.003370
sul; 0.003370
svr; 0.003370
tad; 0.003370
tep; 0.003370
thi; 0.003370
tjo; 0.003370
tni; 0.003370
tvi; 0.003370
tvu; 0.003370
tyr; 0.003370
uat; 0.003370
ucc; 0.003370
uem; 0.003370
umb; 0.003370
upt; 0.003370
uth; 0.003370
uuh; 0.003370
vag; 0.003370
vid; 0.003370
vii; 0.003370
vil; 0.003370
xac; 0.003370
xau; 0.003370
xca; 0.003370
xco; 0.003370
xcr; 0.003370
xda; 0.003370
xdu; 0.003370
xel; 0.003370
xes; 0.003370
xfo; 0.003370
xle; 0.003370
xon; 0.003370
yai; 0.003370
yau; 0.003370
yco; 0.003370
ymp; 0.003370
ype; 0.003370
ypr; 0.003370
yyd; 0.003370
yye; 0.003370
zch; 0.003370
zeu; 0.003370
zja; 0.003370
zme; 0.003370
zne; 0.003370
zsa; 0.003370
zta; 0.003370
zzi; 0.003370
aaa; 0.002247
aau; 0.002247
acq; 0.002247
afu; 0.002247
alg; 0.002247
alt; 0.002247
amb; 0.002247
anl; 0.002247
arb; 0.002247
asq; 0.002247
ath; 0.002247
auf; 0.002247
aup; 0.002247
ayo; 0.002247
bab; 0.002247
bad; 0.002247
bin; 0.002247
bje; 0.002247
bom; 0.002247
bro; 0.002247
cai; 0.002247
cam; 0.002247
cbe; 0.002247
ccg; 0.002247
ccn; 0.002247
cdi; 0.002247
chr; 0.002247
cip; 0.002247
cjo; 0.002247
cme; 0.002247
coc; 0.002247
ctu; 0.002247
cue; 0.002247
dat; 0.002247
dch; 0.002247
dco; 0.002247
dds; 0.002247
dix; 0.002247
dle; 0.002247
dme; 0.002247
dnu; 0.002247
doe; 0.002247
dul; 0.002247
eds; 0.002247
efs; 0.002247
egn; 0.002247
egu; 0.002247
eoh; 0.002247
eos; 0.002247
erb; 0.002247
eui; 0.002247
fde; 0.002247
fee; 0.002247
fel; 0.002247
ffd; 0.002247
fir; 0.002247
fis; 0.002247
fol; 0.002247
gan; 0.002247
gde; 0.002247
gie; 0.002247
gio; 0.002247
hdo; 0.002247
hhc; 0.002247
hho; 0.002247
hhs; 0.002247
hje; 0.002247
hma; 0.002247
hot; 0.002247
hre; 0.002247
htu; 0.002247
hvo; 0.002247
icr; 0.002247
icu; 0.002247
idr; 0.002247
ief; 0.002247
ieg; 0.002247
iem; 0.002247
iev; 0.002247
igo; 0.002247
igt; 0.002247
iha; 0.002247
iih; 0.002247
iiz; 0.002247
ijo; 0.002247
irm; 0.002247
isf; 0.002247
isg; 0.002247
ize; 0.002247
jad; 0.002247
jas; 0.002247
jec; 0.002247
jex; 0.002247
jig; 0.002247
lal; 0.002247
lay; 0.002247
lbi; 0.002247
lbr; 0.002247
lca; 0.002247
lch; 0.002247
ldu; 0.002247
led; 0.002247
lef; 0.002247
lep; 0.002247
leq; 0.002247
lge; 0.002247
lha; 0.002247
lil; 0.002247
llg; 0.002247
loe; 0.002247
log; 0.002247
lop; 0.002247
ltr; 0.002247
lue; 0.002247
lur; 0.002247
lvr; 0.002247
lym; 0.002247
mam; 0.002247
mmm; 0.002247
moe; 0.002247
mof; 0.002247
nad; 0.002247
naf; 0.002247
nct; 0.002247
nei; 0.002247
nfl; 0.002247
nlu; 0.002247
obj; 0.002247
oca; 0.002247
oci; 0.002247
odi; 0.002247
ofi; 0.002247
oid; 0.002247
oje; 0.002247
oni; 0.002247
opi; 0.002247
orf; 0.002247
orp; 0.002247
oug; 0.002247
pbi; 0.002247
pch; 0.002247
pdi; 0.002247
phe; 0.002247
pin; 0.002247
pom; 0.002247
ppb; 0.002247
ppm; 0.002247
pps; 0.002247
pta; 0.002247
pul; 0.002247
puy; 0.002247
pvo; 0.002247
rbo; 0.002247
rca; 0.002247
rej; 0.002247
req; 0.002247
rgn; 0.002247
rid; 0.002247
rob; 0.002247
roj; 0.002247
rps; 0.002247
rpu; 0.002247
rrz; 0.002247
rty; 0.002247
rus; 0.002247
ruy; 0.002247
rvu; 0.002247
rze; 0.002247
say; 0.002247
sba; 0.002247
sed; 0.002247
sev; 0.002247
sfr; 0.002247
sgo; 0.002247
sid; 0.002247
sip; 0.002247
sub; 0.002247
svu; 0.002247
tba; 0.002247
tbl; 0.002247
tbr; 0.002247
tef; 0.002247
tgl; 0.002247
thu; 0.002247
tli; 0.002247
tnu; 0.002247
tob; 0.002247
top; 0.002247
uai; 0.002247
ucr; 0.002247
uds; 0.002247
ufi; 0.002247
ugr; 0.002247
ulg; 0.002247
uls; 0.002247
ult; 0.002247
uns; 0.002247
unt; 0.002247
uor; 0.002247
upu; 0.002247
usc; 0.002247
uts; 0.002247
utu; 0.002247
vab; 0.002247
vea; 0.002247
vsc; 0.002247
vvs; 0.002247
xam; 0.002247
xci; 0.002247
xdi; 0.002247
xer; 0.002247
xju; 0.002247
xpi; 0.002247
xpr; 0.002247
xri; 0.002247
xun; 0.002247
xva; 0.002247
xvr; 0.002247
xxu; 0.002247
ydo; 0.002247
yfa; 0.002247
yra; 0.002247
ysa; 0.002247
yse; 0.002247
yso; 0.002247
ysu; 0.002247
yto; 0.002247
yym; 0.002247
zas; 0.002247
zav; 0.002247
zco; 0.002247
zcr; 0.002247
zic; 0.002247
zju; 0.002247
zno; 0.002247
zou; 0.002247
zre; 0.002247
zri; 0.002247
zsi; 0.002247
zsu; 0.002247
zvu; 0.002247
zzg; 0.002247
abh; 0.001123
abs; 0.001123
aby; 0.001123
alc; 0.001123
alm; 0.001123
als; 0.001123
anf; 0.001123
aoc; 0.001123
asp; 0.001123
ast; 0.001123
aub; 0.001123
aul; 0.001123
aum; 0.001123
ays; 0.001123
bay; 0.001123
bet; 0.001123
beu; 0.001123
bho; 0.001123
bia; 0.001123
big; 0.001123
bol; 0.001123
bsi; 0.001123
bso; 0.001123
bte; 0.001123
bul; 0.001123
byl; 0.001123
cal; 0.001123
cbi; 0.001123
ccf; 0.001123
ccr; 0.001123
ccz; 0.001123
cda; 0.001123
cez; 0.001123
cfr; 0.001123
cge; 0.001123
cgr; 0.001123
cib; 0.001123
cic; 0.001123
cif; 0.001123
cis; 0.001123
cje; 0.001123
cju; 0.001123
cmi; 0.001123
cno; 0.001123
cnu; 0.001123
cpe; 0.001123
cpl; 0.001123
cpo; 0.001123
cse; 0.001123
cso; 0.001123
csu; 0.001123
ctr; 0.001123
cup; 0.001123
cur; 0.001123
cvi; 0.001123
cze; 0.001123
dag; 0.001123
daj; 0.001123
dba; 0.001123
dca; 0.001123
dce; 0.001123
dcr; 0.001123
ddb; 0.001123
ddf; 0.001123
ddz; 0.001123
dea; 0.001123
dfo; 0.001123
dhe; 0.001123
dhi; 0.001123
dim; 0.001123
dje; 0.001123
dla; 0.001123
dmo; 0.001123
dob; 0.001123
dop; 0.001123
dpa; 0.001123
dpe; 0.001123
dpl; 0.001123
dsc; 0.001123
dse; 0.001123
dtr; 0.001123
dtu; 0.001123
duq; 0.001123
dus; 0.001123
dye; 0.001123
dze; 0.001123
ehi; 0.001123
eir; 0.001123
enl; 0.001123
enq; 0.001123
eoi; 0.001123
eol; 0.001123
eom; 0.001123
erh; 0.001123
esq; 0.001123
esy; 0.001123
etc; 0.001123
eub; 0.001123
euh; 0.001123
exi; 0.001123
fab; 0.001123
fad; 0.001123
fag; 0.001123
faq; 0.001123
ffv; 0.001123
fia; 0.001123
fru; 0.001123
fum; 0.001123
fun; 0.001123
fvo; 0.001123
gas; 0.001123
gdu; 0.001123
gee; 0.001123
geo; 0.001123
geu; 0.001123
ggl; 0.001123
gig; 0.001123
gin; 0.001123
gir; 0.001123
gis; 0.001123
gnu; 0.001123
gog; 0.001123
gro; 0.001123
gts; 0.001123
gui; 0.001123
gul; 0.001123
hah; 0.001123
hap; 0.001123
hca; 0.001123
hce; 0.001123
hde; 0.001123
heb; 0.001123
hev; 0.001123
hha; 0.001123
hhi; 0.001123
hhn; 0.001123
hhp; 0.001123
hhq; 0.001123
hic; 0.001123
hiq; 0.001123
hja; 0.001123
hla; 0.001123
hle; 0.001123
hne; 0.001123
hoh; 0.001123
hol; 0.001123
hpo; 0.001123
hqu; 0.001123
hsc; 0.001123
hsi; 0.001123
hta; 0.001123
htr; 0.001123
hvr; 0.001123
iap; 0.001123
iau; 0.001123
ibu; 0.001123
ict; 0.001123
ids; 0.001123
ifu; 0.001123
iga; 0.001123
iiu; 0.001123
ilh; 0.001123
imm; 0.001123
inu; 0.001123
iof; 0.001123
iom; 0.001123
iop; 0.001123
ios; 0.001123
irc; 0.001123
iru; 0.001123
ism; 0.001123
isp; 0.001123
ity; 0.001123
iun; 0.001123
jab; 0.001123
jar; 0.001123
jat; 0.001123
jem; 0.001123
jes; 0.001123
jim; 0.001123
jjo; 0.001123
jos; 0.001123
jup; 0.001123
laj; 0.001123
laq; 0.001123
lce; 0.001123
lci; 0.001123
lcr; 0.001123
lfe; 0.001123
lfu; 0.001123
lgu; 0.001123
lhi; 0.001123
lid; 0.001123
lju; 0.001123
lna; 0.001123
lnu; 0.001123
loc; 0.001123
lpl; 0.001123
lpu; 0.001123
lra; 0.001123
lta; 0.001123
lti; 0.001123
lyd; 0.001123
mab; 0.001123
mbi; 0.001123
mcl; 0.001123
mde; 0.001123
mdu; 0.001123
meb; 0.001123
mic; 0.001123
mid; 0.001123
mlo; 0.001123
mmc; 0.001123
mml; 0.001123
mmu; 0.001123
mna; 0.001123
mos; 0.001123
mph; 0.001123
mue; 0.001123
muf; 0.001123
mun; 0.001123
mur; 0.001123
nbl; 0.001123
nbr; 0.001123
ncs; 0.001123
nea; 0.001123
neg; 0.001123
ngo; 0.001123
ngs; 0.001123
nif; 0.001123
nof; 0.001123
nol; 0.001123
nop; 0.001123
npi; 0.001123
nrh; 0.001123
nsf; 0.001123
nur; 0.001123
nvu; 0.001123
oba; 0.001123
obt; 0.001123
ocu; 0.001123
oel; 0.001123
oem; 0.001123
ofe; 0.001123
ofo; 0.001123
oge; 0.001123
ogi; 0.001123
ogn; 0.001123
ogr; 0.001123
ola; 0.001123
ols; 0.001123
oma; 0.001123
oms; 0.001123
onq; 0.001123
oob; 0.001123
oos; 0.001123
orb; 0.001123
oro; 0.001123
osp; 0.001123
osu; 0.001123
oth; 0.001123
pac; 0.001123
pav; 0.001123
pce; 0.001123
pea; 0.001123
ped; 0.001123
pee; 0.001123
pep; 0.001123
pex; 0.001123
pez; 0.001123
pfa; 0.001123
pfl; 0.001123
pfo; 0.001123
phn; 0.001123
pic; 0.001123
pme; 0.001123
pmi; 0.001123
pno; 0.001123
poe; 0.001123
ppi; 0.001123
ppn; 0.001123
pra; 0.001123
psc; 0.001123
pso; 0.001123
pto; 0.001123
ptr; 0.001123
pts; 0.001123
puc; 0.001123
pue; 0.001123
pug; 0.001123
pvi; 0.001123
qac; 0.001123
qqa; 0.001123
rad; 0.001123
rao; 0.001123
ray; 0.001123
rba; 0.001123
rbl; 0.001123
rcr; 0.001123
rcu; 0.001123
rfe; 0.001123
rfr; 0.001123
rga; 0.001123
rha; 0.001123
rhe; 0.001123
rhu; 0.001123
riq; 0.001123
rjo; 0.001123
rli; 0.001123
rog; 0.001123
rry; 0.001123
rub; 0.001123
ruc; 0.001123
rur; 0.001123
sah; 0.001123
saj; 0.001123
seb; 0.001123
seg; 0.001123
seo; 0.001123
sfu; 0.001123
sgl; 0.001123
sgu; 0.001123
shy; 0.001123
sif; 0.001123
sig; 0.001123
sja; 0.001123
smm; 0.001123
sni; 0.001123
sod; 0.001123
sph; 0.001123
sru; 0.001123
ssz; 0.001123
sth; 0.001123
sty; 0.001123
syl; 0.001123
sym; 0.001123
sze; 0.001123
taf; 0.001123
taj; 0.001123
tdr; 0.001123
tea; 0.001123
tev; 0.001123
tfi; 0.001123
tfl; 0.001123
tge; 0.001123
tgu; 0.001123
tig; 0.001123
tmy; 0.001123
tof; 0.001123
tos; 0.001123
tty; 0.001123
tul; 0.001123
tum; 0.001123
tus; 0.001123
tyl; 0.001123
uab; 0.001123
uad; 0.001123
ual; 0.001123
uap; 0.001123
uba; 0.001123
ubs; 0.001123
ucl; 0.001123
uct; 0.001123
uee; 0.001123
uex; 0.001123
ufl; 0.001123
ufu; 0.001123
uga; 0.001123
ugn; 0.001123
ugu; 0.001123
uhu; 0.001123
uhy; 0.001123
uim; 0.001123
umu; 0.001123
uod; 0.001123
uot; 0.001123
urg; 0.001123
uuy; 0.001123
uuz; 0.001123
uxq; 0.001123
uye; 0.001123
uze; 0.001123
vac; 0.001123
vda; 0.001123
vee; 0.001123
vem; 0.001123
vet; 0.001123
vig; 0.001123
vmo; 0.001123
voq; 0.001123
vta; 0.001123
vul; 0.001123
vva; 0.001123
vvd; 0.001123
vve; 0.001123
vvm; 0.001123
vvt; 0.001123
vvv; 0.001123
xaf; 0.001123
xal; 0.001123
xat; 0.001123
xbe; 0.001123
xbi; 0.001123
xbo; 0.001123
xcl; 0.001123
xeh; 0.001123
xfr; 0.001123
xfu; 0.001123
xgl; 0.001123
xhy; 0.001123
xin; 0.001123
xja; 0.001123
xjo; 0.001123
xla; 0.001123
xli; 0.001123
xlo; 0.001123
xlu; 0.001123
xmu; 0.001123
xne; 0.001123
xra; 0.001123
xsa; 0.001123
xsp; 0.001123
xsu; 0.001123
xta; 0.001123
xvi; 0.001123
xvu; 0.001123
xxh; 0.001123
xxn; 0.001123
xxy; 0.001123
xye; 0.001123
yba; 0.001123
yca; 0.001123
ycr; 0.001123
yda; 0.001123
yde; 0.001123
yes; 0.001123
yfe; 0.001123
yfi; 0.001123
yfo; 0.001123
ygu; 0.001123
yha; 0.001123
yle; 0.001123
yll; 0.001123
ylo; 0.001123
ymi; 0.001123
ypa; 0.001123
yti; 0.001123
ytr; 0.001123
yva; 0.001123
yve; 0.001123
yvi; 0.001123
yyb; 0.001123
yyg; 0.001123
yyh; 0.001123
zac; 0.001123
zag; 0.001123
zal; 0.001123
zap; 0.001123
zar; 0.001123
zat; 0.001123
zbe; 0.001123
zbo; 0.001123
zca; 0.001123
zcl; 0.001123
zdu; 0.001123
zeg; 0.001123
zes; 0.001123
zex; 0.001123
zfe; 0.001123
zga; 0.001123
zgr; 0.001123
zil; 0.001123
zjo; 0.001123
zli; 0.001123
znu; 0.001123
zon; 0.001123
zpl; 0.001123
zse; 0.001123
zve; 0.001123
zvi; 0.001123
zzy; 0.001123
